7.362711882678203983e+05,1.924001377407276792e+01,0.000000000000000000e+00,-0.000000000000000000e+00,-0.000000000000000000e+00,-0.000000000000000000e+00,0.000000000000000000e+00,-0.000000000000000000e+00,9.778940880015074555e+00,-0.000000000000000000e+00,-0.000000000000000000e+00,1.057497612553842226e+00,3.427985651576537229e+00,8.500000000000000000e+01
0.000000000000000000e+00,-0.000000000000000000e+00,0.000000000000000000e+00,7.567421332101135049e+05,0.000000000000000000e+00,-0.000000000000000000e+00,2.799725187702877633e+02,-0.000000000000000000e+00,0.000000000000000000e+00,0.000000000000000000e+00,-0.000000000000000000e+00,-0.000000000000000000e+00,0.000000000000000000e+00,1.350000000000000000e+02
6.486670423379145795e+05,2.898905065710004791e+01,-0.000000000000000000e+00,-0.000000000000000000e+00,0.000000000000000000e+00,0.000000000000000000e+00,0.000000000000000000e+00,-0.000000000000000000e+00,-0.000000000000000000e+00,-0.000000000000000000e+00,-0.000000000000000000e+00,3.664838083904922716e-01,2.000000000000000000e+01,8.500000000000000000e+01
0.000000000000000000e+00,4.254647280325546888e+01,-0.000000000000000000e+00,-0.000000000000000000e+00,-0.000000000000000000e+00,-0.000000000000000000e+00,0.000000000000000000e+00,0.000000000000000000e+00,0.000000000000000000e+00,0.000000000000000000e+00,-0.000000000000000000e+00,2.325905726831719034e-01,2.498596103146066838e-02,1.350000000000000000e+02
5.166596436472972273e+05,1.310003720908911085e+01,0.000000000000000000e+00,-0.000000000000000000e+00,-0.000000000000000000e+00,0.000000000000000000e+00,0.000000000000000000e+00,-0.000000000000000000e+00,0.000000000000000000e+00,-0.000000000000000000e+00,-0.000000000000000000e+00,2.325905726831719034e-01,0.000000000000000000e+00,8.500000000000000000e+01
1.997972223217518535e+06,4.542213423119047633e+01,0.000000000000000000e+00,-0.000000000000000000e+00,-0.000000000000000000e+00,0.000000000000000000e+00,0.000000000000000000e+00,-0.000000000000000000e+00,-0.000000000000000000e+00,-0.000000000000000000e+00,-0.000000000000000000e+00,2.357117715782919010e-01,2.000000000000000000e+01,1.350000000000000000e+02
8.442305126504726941e+05,0.000000000000000000e+00,0.000000000000000000e+00,-0.000000000000000000e+00,0.000000000000000000e+00,0.000000000000000000e+00,0.000000000000000000e+00,-0.000000000000000000e+00,2.770438036616856081e+01,-0.000000000000000000e+00,0.000000000000000000e+00,8.226831145504814868e-01,1.799427099171534428e+00,8.500000000000000000e+01
8.442305126504726941e+05,4.175413744415062212e+01,0.000000000000000000e+00,0.000000000000000000e+00,0.000000000000000000e+00,-0.000000000000000000e+00,0.000000000000000000e+00,-0.000000000000000000e+00,1.178112757687564738e+01,-0.000000000000000000e+00,0.000000000000000000e+00,0.000000000000000000e+00,5.898347091607110571e+00,8.500000000000000000e+01
1.767986310379265808e+06,1.924001377407276792e+01,0.000000000000000000e+00,-0.000000000000000000e+00,-0.000000000000000000e+00,-0.000000000000000000e+00,0.000000000000000000e+00,0.000000000000000000e+00,3.591945301224828313e+01,-0.000000000000000000e+00,0.000000000000000000e+00,1.284399643441630268e+00,0.000000000000000000e+00,1.350000000000000000e+02
8.442305126504726941e+05,1.924001377407276792e+01,0.000000000000000000e+00,2.948818723508673720e+05,0.000000000000000000e+00,-0.000000000000000000e+00,0.000000000000000000e+00,0.000000000000000000e+00,0.000000000000000000e+00,-0.000000000000000000e+00,-0.000000000000000000e+00,0.000000000000000000e+00,1.643430399665904318e+01,8.500000000000000000e+01
3.747063494805263472e+05,1.272782649429201385e+00,0.000000000000000000e+00,-0.000000000000000000e+00,-0.000000000000000000e+00,0.000000000000000000e+00,-0.000000000000000000e+00,-0.000000000000000000e+00,6.842453288673223000e+00,-0.000000000000000000e+00,0.000000000000000000e+00,2.325905726831719034e-01,2.000000000000000000e+01,8.500000000000000000e+01
1.922161981517364504e+06,-0.000000000000000000e+00,0.000000000000000000e+00,-0.000000000000000000e+00,0.000000000000000000e+00,0.000000000000000000e+00,0.000000000000000000e+00,-0.000000000000000000e+00,-0.000000000000000000e+00,-0.000000000000000000e+00,-0.000000000000000000e+00,0.000000000000000000e+00,2.000000000000000000e+01,1.350000000000000000e+02
1.410499495627671713e+06,-0.000000000000000000e+00,0.000000000000000000e+00,0.000000000000000000e+00,0.000000000000000000e+00,-0.000000000000000000e+00,0.000000000000000000e+00,-0.000000000000000000e+00,1.145945211598949598e+01,0.000000000000000000e+00,0.000000000000000000e+00,4.769994658398035714e-01,0.000000000000000000e+00,8.500000000000000000e+01
0.000000000000000000e+00,3.068848507971472372e+01,0.000000000000000000e+00,-0.000000000000000000e+00,-0.000000000000000000e+00,-0.000000000000000000e+00,0.000000000000000000e+00,-0.000000000000000000e+00,5.784035343154353193e+00,-0.000000000000000000e+00,-0.000000000000000000e+00,-0.000000000000000000e+00,7.323556640951429664e+00,8.500000000000000000e+01
2.154450128874562506e+05,1.924001377407276792e+01,0.000000000000000000e+00,-0.000000000000000000e+00,0.000000000000000000e+00,-0.000000000000000000e+00,-0.000000000000000000e+00,-0.000000000000000000e+00,-0.000000000000000000e+00,-0.000000000000000000e+00,0.000000000000000000e+00,0.000000000000000000e+00,2.000000000000000000e+01,1.350000000000000000e+02
0.000000000000000000e+00,-0.000000000000000000e+00,0.000000000000000000e+00,-0.000000000000000000e+00,0.000000000000000000e+00,0.000000000000000000e+00,2.799725187702877633e+02,0.000000000000000000e+00,0.000000000000000000e+00,0.000000000000000000e+00,-0.000000000000000000e+00,0.000000000000000000e+00,2.000000000000000000e+01,1.350000000000000000e+02
2.697591547929853201e+06,-0.000000000000000000e+00,0.000000000000000000e+00,-0.000000000000000000e+00,-0.000000000000000000e+00,0.000000000000000000e+00,4.427038888426420726e+01,-0.000000000000000000e+00,0.000000000000000000e+00,-0.000000000000000000e+00,-0.000000000000000000e+00,0.000000000000000000e+00,2.000000000000000000e+01,8.500000000000000000e+01
9.303699648668336449e+05,9.000000000000000000e+01,0.000000000000000000e+00,-0.000000000000000000e+00,-0.000000000000000000e+00,0.000000000000000000e+00,0.000000000000000000e+00,-0.000000000000000000e+00,0.000000000000000000e+00,-0.000000000000000000e+00,-0.000000000000000000e+00,0.000000000000000000e+00,2.000000000000000000e+01,8.500000000000000000e+01
1.370562872225786792e+06,-0.000000000000000000e+00,0.000000000000000000e+00,-0.000000000000000000e+00,-0.000000000000000000e+00,-0.000000000000000000e+00,3.110442683009907796e+02,0.000000000000000000e+00,0.000000000000000000e+00,0.000000000000000000e+00,0.000000000000000000e+00,2.683786276535430337e-01,2.000000000000000000e+01,1.350000000000000000e+02
0.000000000000000000e+00,3.051933486584497857e+01,0.000000000000000000e+00,-0.000000000000000000e+00,-0.000000000000000000e+00,0.000000000000000000e+00,0.000000000000000000e+00,-0.000000000000000000e+00,0.000000000000000000e+00,-0.000000000000000000e+00,-0.000000000000000000e+00,-0.000000000000000000e+00,4.494930859134043111e+00,8.500000000000000000e+01
8.442305126504726941e+05,-0.000000000000000000e+00,-0.000000000000000000e+00,-0.000000000000000000e+00,-0.000000000000000000e+00,-0.000000000000000000e+00,0.000000000000000000e+00,0.000000000000000000e+00,0.000000000000000000e+00,0.000000000000000000e+00,-0.000000000000000000e+00,0.000000000000000000e+00,1.429606047309597372e+01,8.500000000000000000e+01
2.494243575750609860e+06,-0.000000000000000000e+00,0.000000000000000000e+00,0.000000000000000000e+00,0.000000000000000000e+00,-0.000000000000000000e+00,3.110442683009907796e+02,-0.000000000000000000e+00,0.000000000000000000e+00,-0.000000000000000000e+00,0.000000000000000000e+00,0.000000000000000000e+00,0.000000000000000000e+00,8.500000000000000000e+01
5.436822941552089760e+05,1.783139445091576292e+01,0.000000000000000000e+00,-0.000000000000000000e+00,-0.000000000000000000e+00,0.000000000000000000e+00,0.000000000000000000e+00,0.000000000000000000e+00,-0.000000000000000000e+00,-0.000000000000000000e+00,-0.000000000000000000e+00,-0.000000000000000000e+00,2.000000000000000000e+01,1.350000000000000000e+02
1.356316929835246177e+06,1.906643088739792091e+01,-0.000000000000000000e+00,0.000000000000000000e+00,0.000000000000000000e+00,0.000000000000000000e+00,-0.000000000000000000e+00,0.000000000000000000e+00,-0.000000000000000000e+00,-0.000000000000000000e+00,-0.000000000000000000e+00,2.026578678666683397e-01,2.000000000000000000e+01,8.500000000000000000e+01
0.000000000000000000e+00,2.765755892921825421e+01,0.000000000000000000e+00,-0.000000000000000000e+00,-0.000000000000000000e+00,-0.000000000000000000e+00,0.000000000000000000e+00,-0.000000000000000000e+00,0.000000000000000000e+00,-0.000000000000000000e+00,-0.000000000000000000e+00,4.364070555718191358e-01,2.000000000000000000e+01,8.500000000000000000e+01
5.372591877350718714e+05,1.762626575162446940e+01,0.000000000000000000e+00,-0.000000000000000000e+00,0.000000000000000000e+00,-0.000000000000000000e+00,0.000000000000000000e+00,-0.000000000000000000e+00,2.471688745543843524e+01,-0.000000000000000000e+00,-0.000000000000000000e+00,3.287038544168069953e-01,5.898347091607110571e+00,8.500000000000000000e+01
8.442305126504726941e+05,1.906643088739792091e+01,0.000000000000000000e+00,0.000000000000000000e+00,0.000000000000000000e+00,0.000000000000000000e+00,3.110442683009907796e+02,-0.000000000000000000e+00,0.000000000000000000e+00,-0.000000000000000000e+00,-0.000000000000000000e+00,-0.000000000000000000e+00,2.000000000000000000e+01,8.500000000000000000e+01
1.722232588016215945e+06,-0.000000000000000000e+00,0.000000000000000000e+00,1.968061486810186761e+05,-0.000000000000000000e+00,-0.000000000000000000e+00,0.000000000000000000e+00,-0.000000000000000000e+00,2.770438036616856081e+01,0.000000000000000000e+00,0.000000000000000000e+00,-0.000000000000000000e+00,0.000000000000000000e+00,8.500000000000000000e+01
8.765277937048604945e+05,1.924001377407276792e+01,0.000000000000000000e+00,-0.000000000000000000e+00,0.000000000000000000e+00,-0.000000000000000000e+00,0.000000000000000000e+00,-0.000000000000000000e+00,2.770438036616856081e+01,-0.000000000000000000e+00,0.000000000000000000e+00,1.138083736293551640e+00,2.000000000000000000e+01,8.500000000000000000e+01
8.442305126504726941e+05,-0.000000000000000000e+00,0.000000000000000000e+00,0.000000000000000000e+00,-0.000000000000000000e+00,-0.000000000000000000e+00,4.038445315680745580e+02,-0.000000000000000000e+00,0.000000000000000000e+00,-0.000000000000000000e+00,0.000000000000000000e+00,-0.000000000000000000e+00,2.000000000000000000e+01,8.500000000000000000e+01
0.000000000000000000e+00,-0.000000000000000000e+00,0.000000000000000000e+00,-0.000000000000000000e+00,-0.000000000000000000e+00,-0.000000000000000000e+00,0.000000000000000000e+00,-0.000000000000000000e+00,0.000000000000000000e+00,0.000000000000000000e+00,-0.000000000000000000e+00,-0.000000000000000000e+00,0.000000000000000000e+00,1.306370892599135232e+02
0.000000000000000000e+00,1.924001377407276792e+01,0.000000000000000000e+00,5.507157137850348372e+05,0.000000000000000000e+00,0.000000000000000000e+00,0.000000000000000000e+00,-0.000000000000000000e+00,0.000000000000000000e+00,0.000000000000000000e+00,0.000000000000000000e+00,1.521199255278038454e+00,0.000000000000000000e+00,1.242995503715198709e+02
2.250485373060959973e+05,-0.000000000000000000e+00,0.000000000000000000e+00,1.151345432998199714e+06,0.000000000000000000e+00,-0.000000000000000000e+00,2.873186848037024674e+02,-0.000000000000000000e+00,-0.000000000000000000e+00,0.000000000000000000e+00,-0.000000000000000000e+00,1.927222149920407412e+00,0.000000000000000000e+00,1.350000000000000000e+02
0.000000000000000000e+00,-0.000000000000000000e+00,-0.000000000000000000e+00,1.031831118001596653e+06,-0.000000000000000000e+00,-0.000000000000000000e+00,6.491373749245401541e+02,-0.000000000000000000e+00,0.000000000000000000e+00,-0.000000000000000000e+00,0.000000000000000000e+00,-0.000000000000000000e+00,2.000000000000000000e+01,8.500000000000000000e+01
1.405055205558522837e+06,1.310003720908911085e+01,0.000000000000000000e+00,-0.000000000000000000e+00,0.000000000000000000e+00,-0.000000000000000000e+00,-0.000000000000000000e+00,-0.000000000000000000e+00,1.145945211598949598e+01,-0.000000000000000000e+00,0.000000000000000000e+00,0.000000000000000000e+00,5.239357226080700869e+00,8.500000000000000000e+01
4.266278089319249848e+05,1.906643088739792091e+01,-0.000000000000000000e+00,-0.000000000000000000e+00,-0.000000000000000000e+00,0.000000000000000000e+00,-0.000000000000000000e+00,0.000000000000000000e+00,-0.000000000000000000e+00,-0.000000000000000000e+00,-0.000000000000000000e+00,1.426595244606065072e-01,7.350545893943730036e+00,8.500000000000000000e+01
0.000000000000000000e+00,7.867238604530372470e+01,0.000000000000000000e+00,-0.000000000000000000e+00,-0.000000000000000000e+00,-0.000000000000000000e+00,0.000000000000000000e+00,-0.000000000000000000e+00,0.000000000000000000e+00,-0.000000000000000000e+00,-0.000000000000000000e+00,5.764066402551858148e-03,2.000000000000000000e+01,1.350000000000000000e+02
1.268024907722373900e+05,9.669111619337261487e+00,0.000000000000000000e+00,0.000000000000000000e+00,0.000000000000000000e+00,-0.000000000000000000e+00,0.000000000000000000e+00,-0.000000000000000000e+00,1.494776785735268732e+01,-0.000000000000000000e+00,0.000000000000000000e+00,2.325905726831719034e-01,5.898347091607110571e+00,8.500000000000000000e+01
8.442305126504726941e+05,1.924001377407276792e+01,0.000000000000000000e+00,-0.000000000000000000e+00,-0.000000000000000000e+00,-0.000000000000000000e+00,0.000000000000000000e+00,-0.000000000000000000e+00,2.770438036616856081e+01,-0.000000000000000000e+00,-0.000000000000000000e+00,6.159319906808241596e-01,2.000000000000000000e+01,9.040969433996536964e+01
0.000000000000000000e+00,-0.000000000000000000e+00,0.000000000000000000e+00,1.146789526118223323e+06,-0.000000000000000000e+00,0.000000000000000000e+00,0.000000000000000000e+00,-0.000000000000000000e+00,0.000000000000000000e+00,0.000000000000000000e+00,-0.000000000000000000e+00,1.227511788205180171e-01,2.000000000000000000e+01,1.350000000000000000e+02
8.442305126504726941e+05,-0.000000000000000000e+00,0.000000000000000000e+00,6.576679477075539762e+05,-0.000000000000000000e+00,-0.000000000000000000e+00,0.000000000000000000e+00,-0.000000000000000000e+00,6.741692079514714386e+00,-0.000000000000000000e+00,-0.000000000000000000e+00,1.227511788205180171e-01,2.000000000000000000e+01,1.350000000000000000e+02
1.227494004208479542e+06,1.906643088739792091e+01,0.000000000000000000e+00,-0.000000000000000000e+00,-0.000000000000000000e+00,0.000000000000000000e+00,0.000000000000000000e+00,0.000000000000000000e+00,-0.000000000000000000e+00,-0.000000000000000000e+00,-0.000000000000000000e+00,-0.000000000000000000e+00,9.101097692353501856e+00,1.350000000000000000e+02
7.963914794420592953e+05,1.924001377407276792e+01,0.000000000000000000e+00,-0.000000000000000000e+00,-0.000000000000000000e+00,-0.000000000000000000e+00,0.000000000000000000e+00,-0.000000000000000000e+00,-0.000000000000000000e+00,-0.000000000000000000e+00,-0.000000000000000000e+00,-0.000000000000000000e+00,2.000000000000000000e+01,8.500000000000000000e+01
0.000000000000000000e+00,-0.000000000000000000e+00,0.000000000000000000e+00,9.752347310349930776e+05,-0.000000000000000000e+00,-0.000000000000000000e+00,0.000000000000000000e+00,-0.000000000000000000e+00,0.000000000000000000e+00,0.000000000000000000e+00,-0.000000000000000000e+00,-0.000000000000000000e+00,0.000000000000000000e+00,1.350000000000000000e+02
0.000000000000000000e+00,-0.000000000000000000e+00,0.000000000000000000e+00,-0.000000000000000000e+00,0.000000000000000000e+00,0.000000000000000000e+00,1.385336958226252477e+02,0.000000000000000000e+00,0.000000000000000000e+00,0.000000000000000000e+00,-0.000000000000000000e+00,-0.000000000000000000e+00,0.000000000000000000e+00,1.350000000000000000e+02
0.000000000000000000e+00,1.924001377407276792e+01,0.000000000000000000e+00,3.658096268000857672e+05,0.000000000000000000e+00,-0.000000000000000000e+00,2.799725187702877633e+02,0.000000000000000000e+00,1.145945211598949598e+01,0.000000000000000000e+00,-0.000000000000000000e+00,7.827223097554304732e-02,2.000000000000000000e+01,1.350000000000000000e+02
2.027800646077172365e+06,1.924001377407276792e+01,0.000000000000000000e+00,-0.000000000000000000e+00,0.000000000000000000e+00,0.000000000000000000e+00,0.000000000000000000e+00,-0.000000000000000000e+00,-0.000000000000000000e+00,-0.000000000000000000e+00,-0.000000000000000000e+00,1.098533512585185168e+00,2.000000000000000000e+01,8.500000000000000000e+01
9.342903286575245438e+05,2.398885830918101547e+01,0.000000000000000000e+00,-0.000000000000000000e+00,-0.000000000000000000e+00,0.000000000000000000e+00,0.000000000000000000e+00,0.000000000000000000e+00,-0.000000000000000000e+00,0.000000000000000000e+00,-0.000000000000000000e+00,1.227511788205180171e-01,2.000000000000000000e+01,1.350000000000000000e+02
1.270430765536317369e+06,2.655950724578183397e+01,0.000000000000000000e+00,0.000000000000000000e+00,0.000000000000000000e+00,0.000000000000000000e+00,0.000000000000000000e+00,-0.000000000000000000e+00,-0.000000000000000000e+00,-0.000000000000000000e+00,-0.000000000000000000e+00,-0.000000000000000000e+00,2.000000000000000000e+01,8.500000000000000000e+01
0.000000000000000000e+00,-0.000000000000000000e+00,0.000000000000000000e+00,-0.000000000000000000e+00,0.000000000000000000e+00,-0.000000000000000000e+00,-0.000000000000000000e+00,-0.000000000000000000e+00,0.000000000000000000e+00,-0.000000000000000000e+00,-0.000000000000000000e+00,1.057497612553842226e+00,2.000000000000000000e+01,1.350000000000000000e+02
8.442305126504726941e+05,1.310003720908911085e+01,-0.000000000000000000e+00,-0.000000000000000000e+00,-0.000000000000000000e+00,-0.000000000000000000e+00,0.000000000000000000e+00,-0.000000000000000000e+00,-0.000000000000000000e+00,-0.000000000000000000e+00,0.000000000000000000e+00,2.026578678666683397e-01,5.898347091607110571e+00,1.058641271016898742e+02
8.442305126504726941e+05,0.000000000000000000e+00,0.000000000000000000e+00,7.358421127511080122e+05,0.000000000000000000e+00,-0.000000000000000000e+00,0.000000000000000000e+00,-0.000000000000000000e+00,0.000000000000000000e+00,-0.000000000000000000e+00,-0.000000000000000000e+00,-0.000000000000000000e+00,2.000000000000000000e+01,1.180112837629466327e+02
8.442305126504726941e+05,1.924001377407276792e+01,0.000000000000000000e+00,-0.000000000000000000e+00,0.000000000000000000e+00,-0.000000000000000000e+00,0.000000000000000000e+00,-0.000000000000000000e+00,0.000000000000000000e+00,-0.000000000000000000e+00,0.000000000000000000e+00,4.290862814511133827e-01,3.436580939698719028e+00,8.500000000000000000e+01
8.442305126504726941e+05,0.000000000000000000e+00,0.000000000000000000e+00,-0.000000000000000000e+00,-0.000000000000000000e+00,-0.000000000000000000e+00,0.000000000000000000e+00,0.000000000000000000e+00,6.486349241978686564e+01,-0.000000000000000000e+00,-0.000000000000000000e+00,3.574175839490614792e-01,8.690821993919669808e+00,8.500000000000000000e+01
2.010808536779974122e+06,-0.000000000000000000e+00,0.000000000000000000e+00,-0.000000000000000000e+00,-0.000000000000000000e+00,-0.000000000000000000e+00,3.110442683009907796e+02,-0.000000000000000000e+00,-0.000000000000000000e+00,-0.000000000000000000e+00,0.000000000000000000e+00,1.057497612553842226e+00,2.000000000000000000e+01,8.500000000000000000e+01
3.107156291971713072e+05,4.254647280325546888e+01,0.000000000000000000e+00,-0.000000000000000000e+00,0.000000000000000000e+00,-0.000000000000000000e+00,0.000000000000000000e+00,-0.000000000000000000e+00,1.145945211598949598e+01,-0.000000000000000000e+00,-0.000000000000000000e+00,1.227511788205180171e-01,0.000000000000000000e+00,1.350000000000000000e+02
8.639964431532428134e+05,1.906643088739792091e+01,0.000000000000000000e+00,-0.000000000000000000e+00,0.000000000000000000e+00,0.000000000000000000e+00,0.000000000000000000e+00,-0.000000000000000000e+00,-0.000000000000000000e+00,-0.000000000000000000e+00,-0.000000000000000000e+00,3.365338293952307436e-01,2.000000000000000000e+01,8.500000000000000000e+01
0.000000000000000000e+00,1.924001377407276792e+01,0.000000000000000000e+00,-0.000000000000000000e+00,0.000000000000000000e+00,-0.000000000000000000e+00,2.799725187702877633e+02,-0.000000000000000000e+00,0.000000000000000000e+00,0.000000000000000000e+00,0.000000000000000000e+00,-0.000000000000000000e+00,2.000000000000000000e+01,8.500000000000000000e+01
8.442305126504726941e+05,0.000000000000000000e+00,0.000000000000000000e+00,-0.000000000000000000e+00,0.000000000000000000e+00,0.000000000000000000e+00,0.000000000000000000e+00,0.000000000000000000e+00,-0.000000000000000000e+00,-0.000000000000000000e+00,-0.000000000000000000e+00,3.895931060648033517e-01,2.000000000000000000e+01,1.350000000000000000e+02
8.442305126504726941e+05,3.928592271234840894e+01,0.000000000000000000e+00,-0.000000000000000000e+00,-0.000000000000000000e+00,-0.000000000000000000e+00,0.000000000000000000e+00,-0.000000000000000000e+00,2.770438036616856081e+01,-0.000000000000000000e+00,0.000000000000000000e+00,2.325905726831719034e-01,1.561622927038482800e+01,8.500000000000000000e+01
4.163295978550599539e+05,3.068491081829762379e+01,0.000000000000000000e+00,-0.000000000000000000e+00,0.000000000000000000e+00,-0.000000000000000000e+00,0.000000000000000000e+00,-0.000000000000000000e+00,-0.000000000000000000e+00,-0.000000000000000000e+00,0.000000000000000000e+00,4.156981534812676515e-01,5.898347091607110571e+00,1.350000000000000000e+02
1.047515900285037933e+06,1.924001377407276792e+01,0.000000000000000000e+00,-0.000000000000000000e+00,0.000000000000000000e+00,-0.000000000000000000e+00,0.000000000000000000e+00,0.000000000000000000e+00,-0.000000000000000000e+00,0.000000000000000000e+00,-0.000000000000000000e+00,-0.000000000000000000e+00,2.000000000000000000e+01,1.350000000000000000e+02
0.000000000000000000e+00,-0.000000000000000000e+00,0.000000000000000000e+00,6.576679477075539762e+05,0.000000000000000000e+00,-0.000000000000000000e+00,3.022579175405161322e+01,-0.000000000000000000e+00,0.000000000000000000e+00,-0.000000000000000000e+00,0.000000000000000000e+00,0.000000000000000000e+00,-0.000000000000000000e+00,8.500000000000000000e+01
4.736802411725817365e+05,1.892218098984452013e+01,0.000000000000000000e+00,-0.000000000000000000e+00,0.000000000000000000e+00,-0.000000000000000000e+00,0.000000000000000000e+00,-0.000000000000000000e+00,-0.000000000000000000e+00,-0.000000000000000000e+00,0.000000000000000000e+00,0.000000000000000000e+00,2.000000000000000000e+01,8.500000000000000000e+01
3.842343123473379528e+05,4.254647280325546888e+01,0.000000000000000000e+00,-0.000000000000000000e+00,-0.000000000000000000e+00,-0.000000000000000000e+00,0.000000000000000000e+00,-0.000000000000000000e+00,4.512303129336878271e+01,-0.000000000000000000e+00,0.000000000000000000e+00,4.899135912168152140e-01,2.000000000000000000e+01,1.350000000000000000e+02
1.009812197163755307e+06,1.906643088739792091e+01,0.000000000000000000e+00,0.000000000000000000e+00,-0.000000000000000000e+00,-0.000000000000000000e+00,-0.000000000000000000e+00,0.000000000000000000e+00,-0.000000000000000000e+00,-0.000000000000000000e+00,-0.000000000000000000e+00,-0.000000000000000000e+00,0.000000000000000000e+00,1.350000000000000000e+02
0.000000000000000000e+00,1.310003720908911085e+01,0.000000000000000000e+00,-0.000000000000000000e+00,-0.000000000000000000e+00,-0.000000000000000000e+00,0.000000000000000000e+00,-0.000000000000000000e+00,1.145945211598949598e+01,-0.000000000000000000e+00,0.000000000000000000e+00,1.932124526700470080e+00,2.000000000000000000e+01,1.114529576264331467e+02
8.442305126504726941e+05,1.906643088739792091e+01,0.000000000000000000e+00,0.000000000000000000e+00,-0.000000000000000000e+00,0.000000000000000000e+00,0.000000000000000000e+00,0.000000000000000000e+00,-0.000000000000000000e+00,-0.000000000000000000e+00,-0.000000000000000000e+00,4.699399083507677655e-01,2.000000000000000000e+01,1.350000000000000000e+02
8.442305126504726941e+05,1.924001377407276792e+01,0.000000000000000000e+00,-0.000000000000000000e+00,-0.000000000000000000e+00,-0.000000000000000000e+00,0.000000000000000000e+00,-0.000000000000000000e+00,1.145945211598949598e+01,-0.000000000000000000e+00,-0.000000000000000000e+00,1.227511788205180171e-01,1.252720174496574579e+01,8.500000000000000000e+01
0.000000000000000000e+00,-0.000000000000000000e+00,0.000000000000000000e+00,-0.000000000000000000e+00,0.000000000000000000e+00,0.000000000000000000e+00,2.799725187702877633e+02,-0.000000000000000000e+00,-0.000000000000000000e+00,-0.000000000000000000e+00,-0.000000000000000000e+00,1.057497612553842226e+00,0.000000000000000000e+00,8.500000000000000000e+01
2.059322574523795396e+06,3.800663676812819602e+01,0.000000000000000000e+00,-0.000000000000000000e+00,0.000000000000000000e+00,0.000000000000000000e+00,0.000000000000000000e+00,-0.000000000000000000e+00,1.366424483594206762e+01,0.000000000000000000e+00,-0.000000000000000000e+00,0.000000000000000000e+00,2.000000000000000000e+01,8.603117890205106733e+01
8.442305126504726941e+05,4.537347488631120029e+00,0.000000000000000000e+00,-0.000000000000000000e+00,0.000000000000000000e+00,0.000000000000000000e+00,-0.000000000000000000e+00,-0.000000000000000000e+00,-0.000000000000000000e+00,0.000000000000000000e+00,-0.000000000000000000e+00,-0.000000000000000000e+00,2.000000000000000000e+01,1.350000000000000000e+02
8.442305126504726941e+05,3.636656982427285811e+01,0.000000000000000000e+00,-0.000000000000000000e+00,0.000000000000000000e+00,0.000000000000000000e+00,0.000000000000000000e+00,-0.000000000000000000e+00,-0.000000000000000000e+00,-0.000000000000000000e+00,-0.000000000000000000e+00,-0.000000000000000000e+00,2.000000000000000000e+01,1.350000000000000000e+02
5.166596436472972273e+05,4.254647280325546888e+01,0.000000000000000000e+00,4.533628924609712558e+05,0.000000000000000000e+00,0.000000000000000000e+00,0.000000000000000000e+00,0.000000000000000000e+00,0.000000000000000000e+00,0.000000000000000000e+00,-0.000000000000000000e+00,-0.000000000000000000e+00,0.000000000000000000e+00,1.350000000000000000e+02
8.442305126504726941e+05,1.714446506300300044e+01,0.000000000000000000e+00,-0.000000000000000000e+00,-0.000000000000000000e+00,-0.000000000000000000e+00,0.000000000000000000e+00,-0.000000000000000000e+00,0.000000000000000000e+00,-0.000000000000000000e+00,0.000000000000000000e+00,0.000000000000000000e+00,0.000000000000000000e+00,1.350000000000000000e+02
8.442305126504726941e+05,7.507926946423586489e-01,0.000000000000000000e+00,-0.000000000000000000e+00,0.000000000000000000e+00,-0.000000000000000000e+00,-0.000000000000000000e+00,-0.000000000000000000e+00,1.046362604560339804e+00,-0.000000000000000000e+00,-0.000000000000000000e+00,1.057497612553842226e+00,2.000000000000000000e+01,1.334151526957885210e+02
1.405055205558522837e+06,7.031660557292266134e+00,0.000000000000000000e+00,6.576679477075539762e+05,0.000000000000000000e+00,-0.000000000000000000e+00,3.110442683009907796e+02,-0.000000000000000000e+00,0.000000000000000000e+00,-0.000000000000000000e+00,0.000000000000000000e+00,0.000000000000000000e+00,5.898347091607110571e+00,8.500000000000000000e+01
1.136995690787038999e+06,1.924001377407276792e+01,0.000000000000000000e+00,0.000000000000000000e+00,-0.000000000000000000e+00,-0.000000000000000000e+00,0.000000000000000000e+00,-0.000000000000000000e+00,1.144853716209819972e+01,-0.000000000000000000e+00,-0.000000000000000000e+00,1.227511788205180171e-01,2.000000000000000000e+01,1.350000000000000000e+02
8.442305126504726941e+05,1.906643088739792091e+01,0.000000000000000000e+00,-0.000000000000000000e+00,0.000000000000000000e+00,0.000000000000000000e+00,0.000000000000000000e+00,-0.000000000000000000e+00,-0.000000000000000000e+00,-0.000000000000000000e+00,-0.000000000000000000e+00,-0.000000000000000000e+00,2.000000000000000000e+01,1.350000000000000000e+02
8.442305126504726941e+05,4.500271047008352809e+01,0.000000000000000000e+00,-0.000000000000000000e+00,-0.000000000000000000e+00,-0.000000000000000000e+00,0.000000000000000000e+00,0.000000000000000000e+00,-0.000000000000000000e+00,0.000000000000000000e+00,-0.000000000000000000e+00,1.057497612553842226e+00,2.000000000000000000e+01,8.500000000000000000e+01
0.000000000000000000e+00,8.913578570913948340e+00,0.000000000000000000e+00,6.408721949324648594e+05,0.000000000000000000e+00,0.000000000000000000e+00,2.799725187702877633e+02,-0.000000000000000000e+00,-0.000000000000000000e+00,0.000000000000000000e+00,-0.000000000000000000e+00,-0.000000000000000000e+00,0.000000000000000000e+00,1.350000000000000000e+02
2.802690816492289741e+04,-0.000000000000000000e+00,0.000000000000000000e+00,6.629803466412844136e+05,0.000000000000000000e+00,-0.000000000000000000e+00,0.000000000000000000e+00,-0.000000000000000000e+00,2.770438036616856081e+01,-0.000000000000000000e+00,0.000000000000000000e+00,1.057497612553842226e+00,0.000000000000000000e+00,8.500000000000000000e+01
1.126096052714860765e+06,3.033091285009115978e+01,0.000000000000000000e+00,-0.000000000000000000e+00,-0.000000000000000000e+00,-0.000000000000000000e+00,0.000000000000000000e+00,-0.000000000000000000e+00,1.145945211598949598e+01,0.000000000000000000e+00,0.000000000000000000e+00,1.057497612553842226e+00,2.000000000000000000e+01,1.350000000000000000e+02
5.166596436472972273e+05,4.254647280325546888e+01,0.000000000000000000e+00,0.000000000000000000e+00,-0.000000000000000000e+00,0.000000000000000000e+00,0.000000000000000000e+00,-0.000000000000000000e+00,-0.000000000000000000e+00,-0.000000000000000000e+00,-0.000000000000000000e+00,-0.000000000000000000e+00,2.000000000000000000e+01,8.500000000000000000e+01
0.000000000000000000e+00,3.934142081182357487e+01,0.000000000000000000e+00,1.143808924968076870e+06,0.000000000000000000e+00,-0.000000000000000000e+00,9.307102260046445963e+01,-0.000000000000000000e+00,0.000000000000000000e+00,-0.000000000000000000e+00,-0.000000000000000000e+00,0.000000000000000000e+00,-0.000000000000000000e+00,1.350000000000000000e+02
8.442305126504726941e+05,4.086704364902792008e+01,0.000000000000000000e+00,-0.000000000000000000e+00,0.000000000000000000e+00,-0.000000000000000000e+00,-0.000000000000000000e+00,-0.000000000000000000e+00,-0.000000000000000000e+00,-0.000000000000000000e+00,-0.000000000000000000e+00,-0.000000000000000000e+00,2.000000000000000000e+01,8.500000000000000000e+01
8.442305126504726941e+05,0.000000000000000000e+00,0.000000000000000000e+00,-0.000000000000000000e+00,0.000000000000000000e+00,0.000000000000000000e+00,0.000000000000000000e+00,-0.000000000000000000e+00,-0.000000000000000000e+00,-0.000000000000000000e+00,-0.000000000000000000e+00,-0.000000000000000000e+00,5.898347091607110571e+00,8.500000000000000000e+01
8.442305126504726941e+05,1.924001377407276792e+01,0.000000000000000000e+00,-0.000000000000000000e+00,-0.000000000000000000e+00,-0.000000000000000000e+00,0.000000000000000000e+00,-0.000000000000000000e+00,1.300848582024112798e-01,0.000000000000000000e+00,-0.000000000000000000e+00,0.000000000000000000e+00,2.000000000000000000e+01,8.500000000000000000e+01
5.166596436472972273e+05,0.000000000000000000e+00,0.000000000000000000e+00,0.000000000000000000e+00,-0.000000000000000000e+00,0.000000000000000000e+00,0.000000000000000000e+00,0.000000000000000000e+00,-0.000000000000000000e+00,-0.000000000000000000e+00,0.000000000000000000e+00,5.437942409490916784e-01,1.614161953826979712e+01,1.161826699567464800e+02
4.580074816040227306e+05,-0.000000000000000000e+00,0.000000000000000000e+00,-0.000000000000000000e+00,-0.000000000000000000e+00,-0.000000000000000000e+00,2.799725187702877633e+02,-0.000000000000000000e+00,0.000000000000000000e+00,-0.000000000000000000e+00,-0.000000000000000000e+00,2.325905726831719034e-01,0.000000000000000000e+00,1.350000000000000000e+02
0.000000000000000000e+00,4.254647280325546888e+01,0.000000000000000000e+00,-0.000000000000000000e+00,-0.000000000000000000e+00,0.000000000000000000e+00,-0.000000000000000000e+00,0.000000000000000000e+00,0.000000000000000000e+00,-0.000000000000000000e+00,-0.000000000000000000e+00,-0.000000000000000000e+00,2.000000000000000000e+01,8.500000000000000000e+01
3.173971366306191194e+05,1.906643088739792091e+01,-0.000000000000000000e+00,-0.000000000000000000e+00,-0.000000000000000000e+00,0.000000000000000000e+00,0.000000000000000000e+00,-0.000000000000000000e+00,-0.000000000000000000e+00,-0.000000000000000000e+00,-0.000000000000000000e+00,-0.000000000000000000e+00,2.000000000000000000e+01,8.500000000000000000e+01
1.922161981517364504e+06,-0.000000000000000000e+00,0.000000000000000000e+00,0.000000000000000000e+00,0.000000000000000000e+00,-0.000000000000000000e+00,0.000000000000000000e+00,-0.000000000000000000e+00,1.145945211598949598e+01,-0.000000000000000000e+00,0.000000000000000000e+00,2.325905726831719034e-01,0.000000000000000000e+00,8.500000000000000000e+01
7.372719656612178369e+04,4.254647280325546888e+01,0.000000000000000000e+00,-0.000000000000000000e+00,0.000000000000000000e+00,0.000000000000000000e+00,0.000000000000000000e+00,-0.000000000000000000e+00,0.000000000000000000e+00,-0.000000000000000000e+00,-0.000000000000000000e+00,0.000000000000000000e+00,2.000000000000000000e+01,8.500000000000000000e+01
3.730922935099381139e+05,2.609431134822168019e+01,-0.000000000000000000e+00,-0.000000000000000000e+00,0.000000000000000000e+00,0.000000000000000000e+00,0.000000000000000000e+00,-0.000000000000000000e+00,-0.000000000000000000e+00,0.000000000000000000e+00,-0.000000000000000000e+00,0.000000000000000000e+00,0.000000000000000000e+00,9.311682661478212708e+01
1.922161981517364504e+06,4.254647280325546888e+01,0.000000000000000000e+00,6.576679477075539762e+05,0.000000000000000000e+00,-0.000000000000000000e+00,0.000000000000000000e+00,-0.000000000000000000e+00,0.000000000000000000e+00,-0.000000000000000000e+00,-0.000000000000000000e+00,-0.000000000000000000e+00,-0.000000000000000000e+00,8.500000000000000000e+01
0.000000000000000000e+00,3.339096559027895239e+01,0.000000000000000000e+00,-0.000000000000000000e+00,0.000000000000000000e+00,0.000000000000000000e+00,0.000000000000000000e+00,-0.000000000000000000e+00,-0.000000000000000000e+00,-0.000000000000000000e+00,-0.000000000000000000e+00,0.000000000000000000e+00,2.000000000000000000e+01,1.350000000000000000e+02
0.000000000000000000e+00,7.663827821853577404e+01,0.000000000000000000e+00,-0.000000000000000000e+00,-0.000000000000000000e+00,0.000000000000000000e+00,0.000000000000000000e+00,-0.000000000000000000e+00,0.000000000000000000e+00,-0.000000000000000000e+00,-0.000000000000000000e+00,9.556087125696662021e-02,0.000000000000000000e+00,1.350000000000000000e+02
1.405055205558522837e+06,1.759987579698750082e+01,0.000000000000000000e+00,-0.000000000000000000e+00,0.000000000000000000e+00,-0.000000000000000000e+00,0.000000000000000000e+00,-0.000000000000000000e+00,6.679532747836030460e+00,-0.000000000000000000e+00,0.000000000000000000e+00,4.698402081531606322e-01,5.908742773264200387e+00,1.350000000000000000e+02
5.961357625398680102e+05,2.271325230887654101e+01,0.000000000000000000e+00,-0.000000000000000000e+00,0.000000000000000000e+00,-0.000000000000000000e+00,0.000000000000000000e+00,-0.000000000000000000e+00,-0.000000000000000000e+00,-0.000000000000000000e+00,-0.000000000000000000e+00,1.562652062422992261e+00,2.000000000000000000e+01,8.500000000000000000e+01
