0.000000000000000000e+00,-0.000000000000000000e+00,3.600000000000000000e+02,-0.000000000000000000e+00,-0.000000000000000000e+00,0.000000000000000000e+00,7.707521662421092624e+05,0.000000000000000000e+00,0.000000000000000000e+00,-0.000000000000000000e+00,0.000000000000000000e+00,0.000000000000000000e+00,7.000000000000000000e+00
4.992656315541127697e+03,0.000000000000000000e+00,0.000000000000000000e+00,-0.000000000000000000e+00,0.000000000000000000e+00,0.000000000000000000e+00,7.795030036514849635e+05,-0.000000000000000000e+00,2.137432952330490110e+01,0.000000000000000000e+00,0.000000000000000000e+00,0.000000000000000000e+00,-0.000000000000000000e+00
-0.000000000000000000e+00,0.000000000000000000e+00,-0.000000000000000000e+00,0.000000000000000000e+00,6.640733896252125135e+01,-0.000000000000000000e+00,3.406116951369192102e+05,-0.000000000000000000e+00,0.000000000000000000e+00,0.000000000000000000e+00,-0.000000000000000000e+00,0.000000000000000000e+00,7.000000000000000000e+00
-0.000000000000000000e+00,0.000000000000000000e+00,-0.000000000000000000e+00,-0.000000000000000000e+00,9.000000000000000000e+01,0.000000000000000000e+00,3.406116951369192102e+05,9.331816316210776563e+00,3.228312302492036565e+02,-0.000000000000000000e+00,0.000000000000000000e+00,0.000000000000000000e+00,7.000000000000000000e+00
-0.000000000000000000e+00,-0.000000000000000000e+00,0.000000000000000000e+00,-0.000000000000000000e+00,0.000000000000000000e+00,0.000000000000000000e+00,8.932953083257895196e+05,0.000000000000000000e+00,0.000000000000000000e+00,0.000000000000000000e+00,-0.000000000000000000e+00,0.000000000000000000e+00,0.000000000000000000e+00
-0.000000000000000000e+00,0.000000000000000000e+00,0.000000000000000000e+00,-0.000000000000000000e+00,0.000000000000000000e+00,0.000000000000000000e+00,3.661613750566844828e+05,9.000000000000000000e+01,-0.000000000000000000e+00,0.000000000000000000e+00,-0.000000000000000000e+00,-0.000000000000000000e+00,7.000000000000000000e+00
-0.000000000000000000e+00,0.000000000000000000e+00,3.600000000000000000e+02,-0.000000000000000000e+00,0.000000000000000000e+00,0.000000000000000000e+00,5.681914831895026146e+05,5.662744472712007138e+01,-0.000000000000000000e+00,0.000000000000000000e+00,-0.000000000000000000e+00,0.000000000000000000e+00,4.202729130635953325e+00
0.000000000000000000e+00,0.000000000000000000e+00,0.000000000000000000e+00,0.000000000000000000e+00,0.000000000000000000e+00,0.000000000000000000e+00,0.000000000000000000e+00,0.000000000000000000e+00,-0.000000000000000000e+00,0.000000000000000000e+00,-0.000000000000000000e+00,0.000000000000000000e+00,7.000000000000000000e+00
0.000000000000000000e+00,-0.000000000000000000e+00,0.000000000000000000e+00,-0.000000000000000000e+00,0.000000000000000000e+00,0.000000000000000000e+00,-0.000000000000000000e+00,-0.000000000000000000e+00,-0.000000000000000000e+00,5.484593418121011928e+05,0.000000000000000000e+00,0.000000000000000000e+00,7.000000000000000000e+00
-0.000000000000000000e+00,0.000000000000000000e+00,0.000000000000000000e+00,-0.000000000000000000e+00,0.000000000000000000e+00,0.000000000000000000e+00,-0.000000000000000000e+00,-0.000000000000000000e+00,0.000000000000000000e+00,5.484593418121011928e+05,0.000000000000000000e+00,0.000000000000000000e+00,0.000000000000000000e+00
-0.000000000000000000e+00,0.000000000000000000e+00,0.000000000000000000e+00,-0.000000000000000000e+00,0.000000000000000000e+00,0.000000000000000000e+00,3.779650108724620077e+05,9.042523434266765747e+00,0.000000000000000000e+00,0.000000000000000000e+00,-0.000000000000000000e+00,0.000000000000000000e+00,7.000000000000000000e+00
0.000000000000000000e+00,0.000000000000000000e+00,2.201307962635836191e+02,-0.000000000000000000e+00,0.000000000000000000e+00,0.000000000000000000e+00,0.000000000000000000e+00,5.662744472712007138e+01,-0.000000000000000000e+00,-0.000000000000000000e+00,0.000000000000000000e+00,0.000000000000000000e+00,7.000000000000000000e+00
-0.000000000000000000e+00,-0.000000000000000000e+00,0.000000000000000000e+00,-0.000000000000000000e+00,0.000000000000000000e+00,0.000000000000000000e+00,1.121017240974247252e+05,2.215381795076628535e+01,0.000000000000000000e+00,-0.000000000000000000e+00,-0.000000000000000000e+00,0.000000000000000000e+00,7.000000000000000000e+00
2.218821369584664353e+03,0.000000000000000000e+00,0.000000000000000000e+00,-0.000000000000000000e+00,4.694457771554011316e+01,0.000000000000000000e+00,-0.000000000000000000e+00,-0.000000000000000000e+00,9.223235573695312439e+01,6.415399973018390592e+05,0.000000000000000000e+00,-0.000000000000000000e+00,0.000000000000000000e+00
2.322482196390326408e+03,-0.000000000000000000e+00,0.000000000000000000e+00,-0.000000000000000000e+00,9.000000000000000000e+01,-0.000000000000000000e+00,-0.000000000000000000e+00,5.662744472712007138e+01,3.600000000000000000e+02,0.000000000000000000e+00,0.000000000000000000e+00,0.000000000000000000e+00,7.000000000000000000e+00
0.000000000000000000e+00,-0.000000000000000000e+00,-0.000000000000000000e+00,-0.000000000000000000e+00,0.000000000000000000e+00,0.000000000000000000e+00,6.427868419701985549e+05,5.662744472712007138e+01,0.000000000000000000e+00,-0.000000000000000000e+00,0.000000000000000000e+00,0.000000000000000000e+00,7.000000000000000000e+00
2.218821369584664353e+03,-0.000000000000000000e+00,0.000000000000000000e+00,-0.000000000000000000e+00,0.000000000000000000e+00,0.000000000000000000e+00,-0.000000000000000000e+00,-0.000000000000000000e+00,9.223235573695312439e+01,0.000000000000000000e+00,-0.000000000000000000e+00,0.000000000000000000e+00,7.000000000000000000e+00
-0.000000000000000000e+00,-0.000000000000000000e+00,0.000000000000000000e+00,-0.000000000000000000e+00,9.000000000000000000e+01,0.000000000000000000e+00,0.000000000000000000e+00,-0.000000000000000000e+00,-0.000000000000000000e+00,-0.000000000000000000e+00,-0.000000000000000000e+00,0.000000000000000000e+00,7.000000000000000000e+00
-0.000000000000000000e+00,-0.000000000000000000e+00,0.000000000000000000e+00,-0.000000000000000000e+00,0.000000000000000000e+00,0.000000000000000000e+00,6.885084220473584719e+05,5.662744472712007138e+01,-0.000000000000000000e+00,0.000000000000000000e+00,-0.000000000000000000e+00,0.000000000000000000e+00,7.000000000000000000e+00
2.218821369584664353e+03,0.000000000000000000e+00,0.000000000000000000e+00,-0.000000000000000000e+00,4.694457771554011316e+01,0.000000000000000000e+00,-0.000000000000000000e+00,-0.000000000000000000e+00,0.000000000000000000e+00,6.415399973018390592e+05,-0.000000000000000000e+00,0.000000000000000000e+00,0.000000000000000000e+00
2.218821369584664353e+03,0.000000000000000000e+00,0.000000000000000000e+00,0.000000000000000000e+00,0.000000000000000000e+00,0.000000000000000000e+00,3.779650108724620077e+05,-0.000000000000000000e+00,0.000000000000000000e+00,0.000000000000000000e+00,-0.000000000000000000e+00,0.000000000000000000e+00,0.000000000000000000e+00
-0.000000000000000000e+00,-0.000000000000000000e+00,3.600000000000000000e+02,-0.000000000000000000e+00,-0.000000000000000000e+00,0.000000000000000000e+00,3.406116951369192102e+05,5.662744472712007138e+01,0.000000000000000000e+00,-0.000000000000000000e+00,-0.000000000000000000e+00,0.000000000000000000e+00,7.000000000000000000e+00
-0.000000000000000000e+00,0.000000000000000000e+00,1.502284191188510647e+02,0.000000000000000000e+00,0.000000000000000000e+00,0.000000000000000000e+00,6.821606156789505621e+05,5.662744472712007138e+01,0.000000000000000000e+00,0.000000000000000000e+00,-0.000000000000000000e+00,0.000000000000000000e+00,7.000000000000000000e+00
-0.000000000000000000e+00,0.000000000000000000e+00,3.600000000000000000e+02,0.000000000000000000e+00,0.000000000000000000e+00,0.000000000000000000e+00,5.880965167351457058e+05,0.000000000000000000e+00,-0.000000000000000000e+00,-0.000000000000000000e+00,-0.000000000000000000e+00,0.000000000000000000e+00,7.000000000000000000e+00
-0.000000000000000000e+00,0.000000000000000000e+00,0.000000000000000000e+00,0.000000000000000000e+00,0.000000000000000000e+00,-0.000000000000000000e+00,3.406116951369192102e+05,9.000000000000000000e+01,0.000000000000000000e+00,-0.000000000000000000e+00,-0.000000000000000000e+00,0.000000000000000000e+00,4.802764856733887200e+00
0.000000000000000000e+00,0.000000000000000000e+00,3.600000000000000000e+02,0.000000000000000000e+00,0.000000000000000000e+00,0.000000000000000000e+00,7.177878040389395319e+05,5.662744472712007138e+01,0.000000000000000000e+00,-0.000000000000000000e+00,-0.000000000000000000e+00,0.000000000000000000e+00,7.000000000000000000e+00
-0.000000000000000000e+00,0.000000000000000000e+00,0.000000000000000000e+00,0.000000000000000000e+00,2.913172798590182566e+01,0.000000000000000000e+00,-0.000000000000000000e+00,8.032349011330633459e+01,9.223235573695312439e+01,-0.000000000000000000e+00,0.000000000000000000e+00,0.000000000000000000e+00,0.000000000000000000e+00
0.000000000000000000e+00,0.000000000000000000e+00,0.000000000000000000e+00,-0.000000000000000000e+00,-0.000000000000000000e+00,0.000000000000000000e+00,5.433623298589285696e+05,4.624743152385589973e+00,0.000000000000000000e+00,5.484593418121011928e+05,0.000000000000000000e+00,-0.000000000000000000e+00,7.000000000000000000e+00
0.000000000000000000e+00,0.000000000000000000e+00,0.000000000000000000e+00,-0.000000000000000000e+00,2.844385413673498775e+01,0.000000000000000000e+00,-0.000000000000000000e+00,-0.000000000000000000e+00,-0.000000000000000000e+00,9.583150618835224304e+04,0.000000000000000000e+00,0.000000000000000000e+00,0.000000000000000000e+00
2.218821369584664353e+03,0.000000000000000000e+00,0.000000000000000000e+00,-0.000000000000000000e+00,0.000000000000000000e+00,0.000000000000000000e+00,7.177878040389395319e+05,-0.000000000000000000e+00,-0.000000000000000000e+00,5.484593418121011928e+05,0.000000000000000000e+00,0.000000000000000000e+00,7.000000000000000000e+00
-0.000000000000000000e+00,0.000000000000000000e+00,0.000000000000000000e+00,-0.000000000000000000e+00,9.000000000000000000e+01,0.000000000000000000e+00,-0.000000000000000000e+00,-0.000000000000000000e+00,1.475526317673110555e+02,6.415399973018390592e+05,0.000000000000000000e+00,0.000000000000000000e+00,0.000000000000000000e+00
0.000000000000000000e+00,-0.000000000000000000e+00,2.633901264696084965e+01,-0.000000000000000000e+00,0.000000000000000000e+00,0.000000000000000000e+00,3.406116951369192102e+05,9.000000000000000000e+01,0.000000000000000000e+00,-0.000000000000000000e+00,-0.000000000000000000e+00,0.000000000000000000e+00,7.000000000000000000e+00
0.000000000000000000e+00,0.000000000000000000e+00,3.600000000000000000e+02,-0.000000000000000000e+00,0.000000000000000000e+00,0.000000000000000000e+00,3.554869953380128572e+04,5.662744472712007138e+01,-0.000000000000000000e+00,0.000000000000000000e+00,0.000000000000000000e+00,0.000000000000000000e+00,7.000000000000000000e+00
-0.000000000000000000e+00,0.000000000000000000e+00,0.000000000000000000e+00,-0.000000000000000000e+00,0.000000000000000000e+00,-0.000000000000000000e+00,9.090527563577771652e+05,5.662744472712007138e+01,-0.000000000000000000e+00,0.000000000000000000e+00,-0.000000000000000000e+00,0.000000000000000000e+00,7.000000000000000000e+00
-0.000000000000000000e+00,0.000000000000000000e+00,0.000000000000000000e+00,-0.000000000000000000e+00,9.000000000000000000e+01,0.000000000000000000e+00,5.989853545942493947e+05,-0.000000000000000000e+00,3.790984968279300205e+01,5.484593418121011928e+05,0.000000000000000000e+00,0.000000000000000000e+00,7.000000000000000000e+00
-0.000000000000000000e+00,0.000000000000000000e+00,0.000000000000000000e+00,-0.000000000000000000e+00,0.000000000000000000e+00,0.000000000000000000e+00,0.000000000000000000e+00,5.662744472712007138e+01,-0.000000000000000000e+00,-0.000000000000000000e+00,-0.000000000000000000e+00,0.000000000000000000e+00,7.000000000000000000e+00
-0.000000000000000000e+00,0.000000000000000000e+00,3.600000000000000000e+02,-0.000000000000000000e+00,0.000000000000000000e+00,0.000000000000000000e+00,3.406116951369192102e+05,5.662744472712007138e+01,0.000000000000000000e+00,-0.000000000000000000e+00,-0.000000000000000000e+00,0.000000000000000000e+00,7.000000000000000000e+00
-0.000000000000000000e+00,0.000000000000000000e+00,0.000000000000000000e+00,0.000000000000000000e+00,0.000000000000000000e+00,0.000000000000000000e+00,5.487644597350916592e+05,5.662744472712007138e+01,-0.000000000000000000e+00,0.000000000000000000e+00,-0.000000000000000000e+00,0.000000000000000000e+00,7.000000000000000000e+00
-0.000000000000000000e+00,0.000000000000000000e+00,0.000000000000000000e+00,0.000000000000000000e+00,0.000000000000000000e+00,0.000000000000000000e+00,3.406116951369192102e+05,0.000000000000000000e+00,-0.000000000000000000e+00,0.000000000000000000e+00,-0.000000000000000000e+00,0.000000000000000000e+00,7.000000000000000000e+00
0.000000000000000000e+00,0.000000000000000000e+00,0.000000000000000000e+00,-0.000000000000000000e+00,9.000000000000000000e+01,0.000000000000000000e+00,6.213447429865204031e+05,9.000000000000000000e+01,-0.000000000000000000e+00,5.484593418121011928e+05,-0.000000000000000000e+00,0.000000000000000000e+00,0.000000000000000000e+00
2.218821369584664353e+03,0.000000000000000000e+00,0.000000000000000000e+00,-0.000000000000000000e+00,0.000000000000000000e+00,0.000000000000000000e+00,-0.000000000000000000e+00,9.000000000000000000e+01,3.600000000000000000e+02,0.000000000000000000e+00,-0.000000000000000000e+00,0.000000000000000000e+00,-0.000000000000000000e+00
0.000000000000000000e+00,0.000000000000000000e+00,-0.000000000000000000e+00,-0.000000000000000000e+00,0.000000000000000000e+00,0.000000000000000000e+00,7.177878040389395319e+05,0.000000000000000000e+00,-0.000000000000000000e+00,5.484593418121011928e+05,-0.000000000000000000e+00,0.000000000000000000e+00,7.000000000000000000e+00
2.218821369584664353e+03,0.000000000000000000e+00,0.000000000000000000e+00,-0.000000000000000000e+00,9.000000000000000000e+01,-0.000000000000000000e+00,-0.000000000000000000e+00,5.662744472712007138e+01,3.600000000000000000e+02,-0.000000000000000000e+00,0.000000000000000000e+00,0.000000000000000000e+00,0.000000000000000000e+00
0.000000000000000000e+00,0.000000000000000000e+00,0.000000000000000000e+00,0.000000000000000000e+00,0.000000000000000000e+00,0.000000000000000000e+00,3.779650108724620077e+05,5.662744472712007138e+01,-0.000000000000000000e+00,0.000000000000000000e+00,-0.000000000000000000e+00,-0.000000000000000000e+00,7.000000000000000000e+00
-0.000000000000000000e+00,0.000000000000000000e+00,0.000000000000000000e+00,0.000000000000000000e+00,9.000000000000000000e+01,0.000000000000000000e+00,3.779650108724620077e+05,-0.000000000000000000e+00,-0.000000000000000000e+00,9.542687357956984779e+05,-0.000000000000000000e+00,-0.000000000000000000e+00,7.000000000000000000e+00
2.218821369584664353e+03,0.000000000000000000e+00,0.000000000000000000e+00,-0.000000000000000000e+00,9.000000000000000000e+01,0.000000000000000000e+00,-0.000000000000000000e+00,5.662744472712007138e+01,4.101344375383689567e+01,-0.000000000000000000e+00,0.000000000000000000e+00,0.000000000000000000e+00,0.000000000000000000e+00
-0.000000000000000000e+00,0.000000000000000000e+00,3.600000000000000000e+02,0.000000000000000000e+00,0.000000000000000000e+00,0.000000000000000000e+00,3.406116951369192102e+05,0.000000000000000000e+00,0.000000000000000000e+00,-0.000000000000000000e+00,0.000000000000000000e+00,0.000000000000000000e+00,1.095786186175936816e+00
0.000000000000000000e+00,0.000000000000000000e+00,0.000000000000000000e+00,-0.000000000000000000e+00,-0.000000000000000000e+00,0.000000000000000000e+00,3.406116951369192102e+05,5.662744472712007138e+01,0.000000000000000000e+00,-0.000000000000000000e+00,-0.000000000000000000e+00,0.000000000000000000e+00,7.000000000000000000e+00
2.218821369584664353e+03,0.000000000000000000e+00,3.600000000000000000e+02,-0.000000000000000000e+00,0.000000000000000000e+00,0.000000000000000000e+00,3.406116951369192102e+05,-0.000000000000000000e+00,0.000000000000000000e+00,-0.000000000000000000e+00,0.000000000000000000e+00,0.000000000000000000e+00,0.000000000000000000e+00
-0.000000000000000000e+00,0.000000000000000000e+00,0.000000000000000000e+00,-0.000000000000000000e+00,5.537476127039447960e+01,0.000000000000000000e+00,-0.000000000000000000e+00,6.125462918909995835e+01,-0.000000000000000000e+00,0.000000000000000000e+00,-0.000000000000000000e+00,-0.000000000000000000e+00,7.000000000000000000e+00
-0.000000000000000000e+00,-0.000000000000000000e+00,0.000000000000000000e+00,-0.000000000000000000e+00,-0.000000000000000000e+00,0.000000000000000000e+00,3.406116951369192102e+05,0.000000000000000000e+00,-0.000000000000000000e+00,-0.000000000000000000e+00,0.000000000000000000e+00,0.000000000000000000e+00,7.000000000000000000e+00
4.920074309385393462e+03,0.000000000000000000e+00,3.600000000000000000e+02,-0.000000000000000000e+00,9.000000000000000000e+01,0.000000000000000000e+00,7.979148875751810847e+05,5.662744472712007138e+01,0.000000000000000000e+00,5.484593418121011928e+05,0.000000000000000000e+00,0.000000000000000000e+00,7.000000000000000000e+00
-0.000000000000000000e+00,0.000000000000000000e+00,0.000000000000000000e+00,-0.000000000000000000e+00,0.000000000000000000e+00,0.000000000000000000e+00,0.000000000000000000e+00,7.146671268716710301e+01,0.000000000000000000e+00,-0.000000000000000000e+00,-0.000000000000000000e+00,0.000000000000000000e+00,7.000000000000000000e+00
-0.000000000000000000e+00,0.000000000000000000e+00,1.460627968058330737e+02,-0.000000000000000000e+00,0.000000000000000000e+00,0.000000000000000000e+00,3.406116951369192102e+05,1.359613244453107050e+01,0.000000000000000000e+00,-0.000000000000000000e+00,-0.000000000000000000e+00,0.000000000000000000e+00,7.000000000000000000e+00
2.835489718225867819e+03,-0.000000000000000000e+00,0.000000000000000000e+00,-0.000000000000000000e+00,9.000000000000000000e+01,0.000000000000000000e+00,3.779650108724620077e+05,5.662744472712007138e+01,-0.000000000000000000e+00,0.000000000000000000e+00,-0.000000000000000000e+00,0.000000000000000000e+00,7.000000000000000000e+00
1.943341543990106857e+03,-0.000000000000000000e+00,0.000000000000000000e+00,-0.000000000000000000e+00,4.694457771554011316e+01,0.000000000000000000e+00,-0.000000000000000000e+00,5.662744472712007138e+01,-0.000000000000000000e+00,1.352674241785493505e+05,-0.000000000000000000e+00,0.000000000000000000e+00,7.000000000000000000e+00
0.000000000000000000e+00,-0.000000000000000000e+00,1.593057531943497906e+02,-0.000000000000000000e+00,0.000000000000000000e+00,0.000000000000000000e+00,3.406116951369192102e+05,5.662744472712007138e+01,0.000000000000000000e+00,0.000000000000000000e+00,-0.000000000000000000e+00,0.000000000000000000e+00,7.000000000000000000e+00
-0.000000000000000000e+00,-0.000000000000000000e+00,0.000000000000000000e+00,0.000000000000000000e+00,0.000000000000000000e+00,0.000000000000000000e+00,3.779650108724620077e+05,5.662744472712007138e+01,-0.000000000000000000e+00,0.000000000000000000e+00,-0.000000000000000000e+00,0.000000000000000000e+00,3.855085852407221125e+00
-0.000000000000000000e+00,0.000000000000000000e+00,0.000000000000000000e+00,-0.000000000000000000e+00,0.000000000000000000e+00,0.000000000000000000e+00,3.779650108724620077e+05,9.000000000000000000e+01,3.600000000000000000e+02,4.791536860163781093e+05,-0.000000000000000000e+00,0.000000000000000000e+00,0.000000000000000000e+00
0.000000000000000000e+00,0.000000000000000000e+00,3.600000000000000000e+02,-0.000000000000000000e+00,-0.000000000000000000e+00,0.000000000000000000e+00,-0.000000000000000000e+00,-0.000000000000000000e+00,1.610727454963602554e+02,6.415399973018390592e+05,0.000000000000000000e+00,0.000000000000000000e+00,7.000000000000000000e+00
-0.000000000000000000e+00,-0.000000000000000000e+00,3.600000000000000000e+02,0.000000000000000000e+00,-0.000000000000000000e+00,0.000000000000000000e+00,3.779650108724620077e+05,5.662744472712007138e+01,-0.000000000000000000e+00,0.000000000000000000e+00,-0.000000000000000000e+00,0.000000000000000000e+00,7.000000000000000000e+00
-0.000000000000000000e+00,0.000000000000000000e+00,-0.000000000000000000e+00,-0.000000000000000000e+00,0.000000000000000000e+00,-0.000000000000000000e+00,4.498727279532319517e+05,5.662744472712007138e+01,-0.000000000000000000e+00,0.000000000000000000e+00,-0.000000000000000000e+00,0.000000000000000000e+00,7.000000000000000000e+00
-0.000000000000000000e+00,-0.000000000000000000e+00,0.000000000000000000e+00,-0.000000000000000000e+00,0.000000000000000000e+00,0.000000000000000000e+00,3.779650108724620077e+05,9.000000000000000000e+01,-0.000000000000000000e+00,0.000000000000000000e+00,-0.000000000000000000e+00,0.000000000000000000e+00,7.000000000000000000e+00
0.000000000000000000e+00,0.000000000000000000e+00,0.000000000000000000e+00,-0.000000000000000000e+00,0.000000000000000000e+00,0.000000000000000000e+00,0.000000000000000000e+00,7.395522154551363769e+01,-0.000000000000000000e+00,0.000000000000000000e+00,-0.000000000000000000e+00,0.000000000000000000e+00,7.000000000000000000e+00
2.218821369584664353e+03,0.000000000000000000e+00,0.000000000000000000e+00,-0.000000000000000000e+00,9.000000000000000000e+01,0.000000000000000000e+00,-0.000000000000000000e+00,9.000000000000000000e+01,-0.000000000000000000e+00,1.023734355149128241e+06,-0.000000000000000000e+00,0.000000000000000000e+00,0.000000000000000000e+00
-0.000000000000000000e+00,-0.000000000000000000e+00,0.000000000000000000e+00,-0.000000000000000000e+00,0.000000000000000000e+00,0.000000000000000000e+00,3.779650108724620077e+05,5.662744472712007138e+01,0.000000000000000000e+00,0.000000000000000000e+00,-0.000000000000000000e+00,0.000000000000000000e+00,1.965185049251297889e+00
-0.000000000000000000e+00,0.000000000000000000e+00,3.600000000000000000e+02,0.000000000000000000e+00,0.000000000000000000e+00,0.000000000000000000e+00,4.003540546828336082e+05,4.396692973990807474e+01,-0.000000000000000000e+00,0.000000000000000000e+00,-0.000000000000000000e+00,0.000000000000000000e+00,7.000000000000000000e+00
0.000000000000000000e+00,0.000000000000000000e+00,0.000000000000000000e+00,-0.000000000000000000e+00,9.000000000000000000e+01,0.000000000000000000e+00,2.643156594278590637e+05,-0.000000000000000000e+00,3.600000000000000000e+02,6.713156192394708050e+05,0.000000000000000000e+00,0.000000000000000000e+00,0.000000000000000000e+00
0.000000000000000000e+00,0.000000000000000000e+00,3.600000000000000000e+02,0.000000000000000000e+00,0.000000000000000000e+00,-0.000000000000000000e+00,7.177878040389395319e+05,5.662744472712007138e+01,0.000000000000000000e+00,-0.000000000000000000e+00,-0.000000000000000000e+00,0.000000000000000000e+00,7.000000000000000000e+00
0.000000000000000000e+00,-0.000000000000000000e+00,0.000000000000000000e+00,-0.000000000000000000e+00,-0.000000000000000000e+00,0.000000000000000000e+00,3.406116951369192102e+05,-0.000000000000000000e+00,9.223235573695312439e+01,7.898263473830912262e+05,0.000000000000000000e+00,0.000000000000000000e+00,0.000000000000000000e+00
-0.000000000000000000e+00,0.000000000000000000e+00,0.000000000000000000e+00,0.000000000000000000e+00,0.000000000000000000e+00,0.000000000000000000e+00,3.779650108724620077e+05,5.662744472712007138e+01,-0.000000000000000000e+00,0.000000000000000000e+00,-0.000000000000000000e+00,0.000000000000000000e+00,7.000000000000000000e+00
0.000000000000000000e+00,-0.000000000000000000e+00,3.600000000000000000e+02,-0.000000000000000000e+00,0.000000000000000000e+00,0.000000000000000000e+00,3.406116951369192102e+05,7.165503003950014715e+01,0.000000000000000000e+00,-0.000000000000000000e+00,0.000000000000000000e+00,0.000000000000000000e+00,7.000000000000000000e+00
-0.000000000000000000e+00,-0.000000000000000000e+00,0.000000000000000000e+00,0.000000000000000000e+00,0.000000000000000000e+00,-0.000000000000000000e+00,0.000000000000000000e+00,5.662744472712007138e+01,-0.000000000000000000e+00,-0.000000000000000000e+00,-0.000000000000000000e+00,0.000000000000000000e+00,0.000000000000000000e+00
-0.000000000000000000e+00,-0.000000000000000000e+00,0.000000000000000000e+00,-0.000000000000000000e+00,0.000000000000000000e+00,0.000000000000000000e+00,0.000000000000000000e+00,5.662744472712007138e+01,-0.000000000000000000e+00,0.000000000000000000e+00,0.000000000000000000e+00,0.000000000000000000e+00,3.875681770138508675e+00
0.000000000000000000e+00,-0.000000000000000000e+00,0.000000000000000000e+00,-0.000000000000000000e+00,0.000000000000000000e+00,-0.000000000000000000e+00,3.779650108724620077e+05,0.000000000000000000e+00,-0.000000000000000000e+00,0.000000000000000000e+00,-0.000000000000000000e+00,0.000000000000000000e+00,7.000000000000000000e+00
0.000000000000000000e+00,0.000000000000000000e+00,0.000000000000000000e+00,-0.000000000000000000e+00,0.000000000000000000e+00,0.000000000000000000e+00,6.996331423763594357e+05,4.101307636316235516e+01,-0.000000000000000000e+00,0.000000000000000000e+00,-0.000000000000000000e+00,0.000000000000000000e+00,7.000000000000000000e+00
0.000000000000000000e+00,0.000000000000000000e+00,0.000000000000000000e+00,0.000000000000000000e+00,4.694457771554011316e+01,0.000000000000000000e+00,-0.000000000000000000e+00,2.932262509881920920e+01,0.000000000000000000e+00,0.000000000000000000e+00,0.000000000000000000e+00,0.000000000000000000e+00,7.000000000000000000e+00
-0.000000000000000000e+00,0.000000000000000000e+00,0.000000000000000000e+00,-0.000000000000000000e+00,9.000000000000000000e+01,0.000000000000000000e+00,0.000000000000000000e+00,-0.000000000000000000e+00,8.515439830528039522e+01,1.123702556950486964e+06,0.000000000000000000e+00,0.000000000000000000e+00,0.000000000000000000e+00
-0.000000000000000000e+00,0.000000000000000000e+00,0.000000000000000000e+00,-0.000000000000000000e+00,0.000000000000000000e+00,0.000000000000000000e+00,1.244711375862072018e+05,5.662744472712007138e+01,3.600000000000000000e+02,5.484593418121011928e+05,0.000000000000000000e+00,0.000000000000000000e+00,7.000000000000000000e+00
0.000000000000000000e+00,-0.000000000000000000e+00,0.000000000000000000e+00,-0.000000000000000000e+00,0.000000000000000000e+00,0.000000000000000000e+00,3.406116951369192102e+05,2.312129621452633188e+01,0.000000000000000000e+00,0.000000000000000000e+00,-0.000000000000000000e+00,0.000000000000000000e+00,6.673245674722909193e+00
-0.000000000000000000e+00,0.000000000000000000e+00,0.000000000000000000e+00,0.000000000000000000e+00,0.000000000000000000e+00,0.000000000000000000e+00,-0.000000000000000000e+00,5.662744472712007138e+01,0.000000000000000000e+00,0.000000000000000000e+00,-0.000000000000000000e+00,0.000000000000000000e+00,0.000000000000000000e+00
-0.000000000000000000e+00,0.000000000000000000e+00,0.000000000000000000e+00,-0.000000000000000000e+00,0.000000000000000000e+00,0.000000000000000000e+00,3.779650108724620077e+05,5.662744472712007138e+01,-0.000000000000000000e+00,-0.000000000000000000e+00,-0.000000000000000000e+00,-0.000000000000000000e+00,7.000000000000000000e+00
0.000000000000000000e+00,0.000000000000000000e+00,0.000000000000000000e+00,-0.000000000000000000e+00,8.007213527604380943e+01,0.000000000000000000e+00,5.989853545942493947e+05,-0.000000000000000000e+00,0.000000000000000000e+00,6.415399973018390592e+05,-0.000000000000000000e+00,0.000000000000000000e+00,0.000000000000000000e+00
-0.000000000000000000e+00,0.000000000000000000e+00,0.000000000000000000e+00,-0.000000000000000000e+00,9.000000000000000000e+01,0.000000000000000000e+00,7.756643971123184019e+04,5.662744472712007138e+01,7.579831594689159147e+01,1.279772823481312022e+06,0.000000000000000000e+00,0.000000000000000000e+00,7.000000000000000000e+00
0.000000000000000000e+00,0.000000000000000000e+00,1.154900582355180916e+02,-0.000000000000000000e+00,0.000000000000000000e+00,0.000000000000000000e+00,3.406116951369192102e+05,5.662744472712007138e+01,0.000000000000000000e+00,0.000000000000000000e+00,-0.000000000000000000e+00,0.000000000000000000e+00,7.000000000000000000e+00
0.000000000000000000e+00,0.000000000000000000e+00,3.600000000000000000e+02,-0.000000000000000000e+00,-0.000000000000000000e+00,0.000000000000000000e+00,3.406116951369192102e+05,5.662744472712007138e+01,0.000000000000000000e+00,-0.000000000000000000e+00,0.000000000000000000e+00,0.000000000000000000e+00,7.000000000000000000e+00
-0.000000000000000000e+00,0.000000000000000000e+00,0.000000000000000000e+00,-0.000000000000000000e+00,0.000000000000000000e+00,0.000000000000000000e+00,3.406116951369192102e+05,1.232256671213565014e+01,0.000000000000000000e+00,-0.000000000000000000e+00,-0.000000000000000000e+00,0.000000000000000000e+00,7.000000000000000000e+00
0.000000000000000000e+00,-0.000000000000000000e+00,0.000000000000000000e+00,0.000000000000000000e+00,0.000000000000000000e+00,0.000000000000000000e+00,3.779650108724620077e+05,5.662744472712007138e+01,-0.000000000000000000e+00,-0.000000000000000000e+00,-0.000000000000000000e+00,0.000000000000000000e+00,5.996367471772589219e+00
-0.000000000000000000e+00,0.000000000000000000e+00,-0.000000000000000000e+00,-0.000000000000000000e+00,0.000000000000000000e+00,0.000000000000000000e+00,0.000000000000000000e+00,1.160624619892798393e+01,-0.000000000000000000e+00,0.000000000000000000e+00,-0.000000000000000000e+00,0.000000000000000000e+00,7.000000000000000000e+00
2.218821369584664353e+03,0.000000000000000000e+00,0.000000000000000000e+00,-0.000000000000000000e+00,0.000000000000000000e+00,0.000000000000000000e+00,0.000000000000000000e+00,9.000000000000000000e+01,3.600000000000000000e+02,0.000000000000000000e+00,0.000000000000000000e+00,0.000000000000000000e+00,0.000000000000000000e+00
0.000000000000000000e+00,0.000000000000000000e+00,0.000000000000000000e+00,-0.000000000000000000e+00,-0.000000000000000000e+00,0.000000000000000000e+00,-0.000000000000000000e+00,2.587294973434094558e+01,0.000000000000000000e+00,0.000000000000000000e+00,-0.000000000000000000e+00,-0.000000000000000000e+00,0.000000000000000000e+00
-0.000000000000000000e+00,-0.000000000000000000e+00,3.600000000000000000e+02,-0.000000000000000000e+00,-0.000000000000000000e+00,0.000000000000000000e+00,3.779650108724620077e+05,5.662744472712007138e+01,0.000000000000000000e+00,-0.000000000000000000e+00,0.000000000000000000e+00,0.000000000000000000e+00,7.000000000000000000e+00
-0.000000000000000000e+00,0.000000000000000000e+00,0.000000000000000000e+00,-0.000000000000000000e+00,9.000000000000000000e+01,0.000000000000000000e+00,5.989853545942493947e+05,-0.000000000000000000e+00,9.223235573695312439e+01,1.431672945140405325e+06,0.000000000000000000e+00,0.000000000000000000e+00,7.000000000000000000e+00
0.000000000000000000e+00,0.000000000000000000e+00,3.338526829671041583e+02,0.000000000000000000e+00,0.000000000000000000e+00,0.000000000000000000e+00,7.177878040389395319e+05,5.662744472712007138e+01,-0.000000000000000000e+00,-0.000000000000000000e+00,-0.000000000000000000e+00,0.000000000000000000e+00,7.000000000000000000e+00
-0.000000000000000000e+00,-0.000000000000000000e+00,0.000000000000000000e+00,0.000000000000000000e+00,0.000000000000000000e+00,0.000000000000000000e+00,3.406116951369192102e+05,2.719196550575064109e+01,0.000000000000000000e+00,-0.000000000000000000e+00,-0.000000000000000000e+00,0.000000000000000000e+00,0.000000000000000000e+00
2.218821369584664353e+03,0.000000000000000000e+00,0.000000000000000000e+00,-0.000000000000000000e+00,0.000000000000000000e+00,0.000000000000000000e+00,6.878559635504975449e+05,-0.000000000000000000e+00,0.000000000000000000e+00,0.000000000000000000e+00,-0.000000000000000000e+00,0.000000000000000000e+00,0.000000000000000000e+00
0.000000000000000000e+00,0.000000000000000000e+00,0.000000000000000000e+00,0.000000000000000000e+00,9.000000000000000000e+01,0.000000000000000000e+00,3.406116951369192102e+05,-0.000000000000000000e+00,-0.000000000000000000e+00,0.000000000000000000e+00,0.000000000000000000e+00,0.000000000000000000e+00,7.000000000000000000e+00
0.000000000000000000e+00,-0.000000000000000000e+00,0.000000000000000000e+00,-0.000000000000000000e+00,0.000000000000000000e+00,0.000000000000000000e+00,3.779650108724620077e+05,9.000000000000000000e+01,-0.000000000000000000e+00,0.000000000000000000e+00,-0.000000000000000000e+00,0.000000000000000000e+00,7.000000000000000000e+00
-0.000000000000000000e+00,0.000000000000000000e+00,0.000000000000000000e+00,0.000000000000000000e+00,0.000000000000000000e+00,0.000000000000000000e+00,1.369073137073235102e+03,5.662744472712007138e+01,-0.000000000000000000e+00,0.000000000000000000e+00,-0.000000000000000000e+00,0.000000000000000000e+00,0.000000000000000000e+00
-0.000000000000000000e+00,0.000000000000000000e+00,3.600000000000000000e+02,-0.000000000000000000e+00,4.694457771554011316e+01,0.000000000000000000e+00,3.406116951369192102e+05,-0.000000000000000000e+00,9.223235573695312439e+01,0.000000000000000000e+00,-0.000000000000000000e+00,0.000000000000000000e+00,0.000000000000000000e+00
